"Mortality rate, under-five (per 1,000 live births)"
"HDI Rank (2018)","Country","1990","","1995","","2000","","2005","","2010","","2011","","2012","","2013","","2014","","2015","","2016","","2017",""
"170","Afghanistan","175.1","","147.8","","128.8","","110.1","","90.0","","86.2","","82.6","","79.2","","76.0","","73.1","","70.4","","67.9",""
"69","Albania","40.1","","32.4","","24.5","","17.2","","12.0","","11.3","","10.7","","10.1","","9.7","","9.4","","9.1","","8.8",""
"82","Algeria","49.6","","43.7","","39.7","","33.5","","27.4","","26.7","","26.1","","25.7","","25.3","","24.9","","24.5","","24.0",""
"36","Andorra","8.5","","6.3","","5.0","","4.3","","3.9","","3.9","","3.8","","3.7","","3.6","","3.5","","3.4","","3.3",""
"149","Angola","223.5","","222.7","","206.3","","167.8","","121.3","","113.2","","105.8","","99.2","","93.6","","88.9","","84.6","","81.1",""
"74","Antigua and Barbuda","26.3","","19.5","","14.9","","12.0","","9.8","","9.5","","9.1","","8.7","","8.3","","8.0","","7.7","","7.4",""
"48","Argentina","28.8","","24.4","","19.8","","16.5","","14.5","","13.9","","13.3","","12.7","","12.0","","11.4","","10.9","","10.4",""
"81","Armenia","49.6","","38.6","","30.0","","23.3","","18.0","","17.1","","16.3","","15.5","","14.7","","14.0","","13.3","","12.6",""
"6","Australia","9.2","","7.0","","6.2","","5.7","","4.8","","4.6","","4.3","","4.2","","4.0","","3.8","","3.7","","3.5",""
"20","Austria","9.5","","6.8","","5.5","","4.9","","4.3","","4.2","","4.1","","3.9","","3.8","","3.7","","3.6","","3.6",""
"87","Azerbaijan","95.3","","94.3","","74.7","","52.0","","37.4","","35.0","","32.6","","30.4","","28.4","","26.4","","24.6","","23.0",""
"60","Bahamas","23.5","","18.8","","16.0","","15.2","","11.7","","10.8","","10.0","","9.3","","8.6","","8.0","","7.6","","7.2",""
"45","Bahrain","23.0","","18.1","","12.5","","10.7","","8.5","","8.2","","8.0","","7.8","","7.7","","7.6","","7.5","","7.3",""
"135","Bangladesh","143.8","","114.0","","87.4","","66.2","","49.2","","46.3","","43.6","","41.0","","38.6","","36.4","","34.3","","32.4",""
"56","Barbados","17.9","","14.9","","15.2","","15.7","","14.5","","14.2","","14.0","","13.7","","13.4","","13.1","","12.8","","12.4",""
"50","Belarus","15.2","","15.7","","12.8","","8.5","","5.5","","5.1","","4.8","","4.5","","4.3","","4.1","","3.9","","3.7",""
"17","Belgium","10.0","","7.6","","5.9","","5.0","","4.5","","4.4","","4.3","","4.2","","4.1","","4.0","","3.9","","3.8",""
"103","Belize","38.5","","29.1","","23.7","","20.9","","19.0","","18.4","","17.8","","17.1","","16.4","","15.6","","14.9","","14.2",""
"163","Benin","177.8","","156.5","","143.2","","123.9","","113.6","","112.2","","110.5","","108.5","","106.2","","103.7","","101.0","","98.3",""
"134","Bhutan","127.9","","101.1","","77.7","","57.8","","42.5","","40.1","","38.1","","36.4","","34.8","","33.4","","32.0","","30.8",""
"114","Bolivia (Plurinational State of)","123.8","","101.4","","79.6","","60.6","","46.0","","44.0","","42.2","","40.5","","39.0","","37.5","","36.1","","34.9",""
"75","Bosnia and Herzegovina","18.2","","14.1","","9.9","","8.9","","7.2","","6.8","","6.6","","6.4","","6.2","","6.0","","5.9","","5.7",""
"94","Botswana","51.3","","70.1","","87.0","","72.0","","49.9","","48.8","","46.0","","43.1","","42.2","","40.6","","39.3","","37.6",""
"79","Brazil","63.1","","47.9","","34.7","","24.9","","18.7","","17.9","","17.3","","16.7","","16.2","","15.7","","16.3","","14.8",""
"43","Brunei Darussalam","13.4","","12.7","","11.8","","11.5","","10.6","","10.5","","10.5","","10.5","","10.5","","10.5","","10.5","","10.5",""
"52","Bulgaria","18.4","","19.3","","17.6","","13.3","","10.7","","10.3","","9.8","","9.3","","8.8","","8.3","","7.9","","7.5",""
"182","Burkina Faso","199.8","","196.5","","180.4","","154.1","","116.1","","109.4","","103.2","","97.5","","92.6","","88.4","","84.5","","81.2",""
"185","Burundi","174.6","","177.6","","156.7","","125.4","","90.6","","85.1","","79.9","","75.2","","70.8","","67.1","","63.9","","61.2",""
"126","Cabo Verde","62.7","","57.4","","35.5","","26.3","","25.1","","24.3","","23.3","","22.2","","21.0","","19.7","","18.5","","17.4",""
"146","Cambodia","115.9","","119.8","","107.0","","65.3","","44.4","","41.1","","38.1","","35.7","","33.6","","32.0","","30.6","","29.2",""
"150","Cameroon","138.6","","150.5","","150.3","","132.2","","110.4","","105.8","","101.5","","97.4","","93.8","","90.1","","86.8","","84.0",""
"13","Canada","8.3","","6.9","","6.2","","6.1","","5.6","","5.6","","5.5","","5.5","","5.4","","5.3","","5.2","","5.1",""
"188","Central African Republic","175.8","","177.1","","175.2","","166.3","","150.9","","146.8","","142.9","","139.0","","134.8","","130.2","","125.0","","121.5",""
"187","Chad","212.8","","200.4","","186.5","","169.7","","150.2","","146.1","","142.2","","138.4","","134.7","","130.8","","126.9","","123.2",""
"42","Chile","19.1","","13.1","","10.9","","9.2","","8.8","","8.5","","8.4","","8.3","","8.1","","7.9","","7.7","","7.4",""
"85","China","53.8","","47.4","","36.8","","24.0","","15.8","","14.6","","13.5","","12.5","","11.6","","10.8","","10.0","","9.3",""
"79","Colombia","35.1","","29.7","","25.0","","21.6","","18.5","","18.0","","17.4","","16.8","","16.2","","15.7","","15.2","","14.7",""
"156","Comoros","124.8","","107.8","","101.1","","97.4","","85.3","","82.7","","80.4","","77.9","","75.5","","73.2","","71.1","","69.0",""
"138","Congo","90.0","","103.3","","114.3","","88.7","","63.1","","60.2","","57.6","","55.3","","53.3","","51.3","","49.4","","47.5",""
"179","Congo (Democratic Republic of the)","186.3","","176.5","","161.3","","138.3","","116.1","","112.1","","108.3","","104.7","","101.0","","97.6","","94.4","","91.1",""
"68","Costa Rica","16.8","","14.7","","12.9","","10.5","","10.0","","9.9","","9.8","","9.7","","9.5","","9.4","","9.2","","9.0",""
"46","Croatia","12.8","","10.0","","8.3","","6.7","","5.5","","5.3","","5.2","","5.0","","4.9","","4.8","","4.7","","4.6",""
"72","Cuba","13.2","","10.7","","8.1","","7.2","","6.0","","5.9","","5.8","","5.7","","5.7","","5.6","","5.5","","5.4",""
"31","Cyprus","11.1","","9.0","","6.6","","4.8","","3.6","","3.5","","3.3","","3.1","","3.0","","2.9","","2.8","","2.7",""
"26","Czechia","12.2","","8.5","","5.5","","4.4","","3.4","","3.3","","3.2","","3.1","","3.1","","3.1","","3.2","","3.3",""
"165","CÃ´te d'Ivoire","151.9","","154.4","","146.8","","128.8","","109.8","","106.6","","103.5","","100.6","","97.7","","94.9","","91.8","","88.8",""
"11","Denmark","8.9","","6.5","","5.5","","4.8","","4.1","","4.1","","4.1","","4.1","","4.2","","4.2","","4.3","","4.3",""
"171","Djibouti","118.6","","110.5","","101.5","","89.3","","76.7","","74.4","","72.2","","70.0","","67.8","","65.7","","63.7","","61.7",""
"98","Dominica","17.1","","16.6","","15.4","","16.0","","20.8","","22.5","","24.4","","26.6","","28.9","","31.2","","32.9","","34.0",""
"89","Dominican Republic","60.1","","49.0","","41.0","","36.8","","34.3","","33.9","","33.5","","32.9","","32.3","","31.6","","30.8","","29.9",""
"85","Ecuador","54.2","","40.8","","29.1","","22.8","","18.3","","17.5","","16.7","","16.1","","15.5","","15.1","","14.8","","14.5",""
"116","Egypt","85.7","","64.7","","46.8","","36.1","","29.0","","27.8","","26.7","","25.6","","24.7","","23.7","","22.9","","22.1",""
"124","El Salvador","59.7","","44.6","","32.9","","25.0","","19.4","","18.4","","17.6","","16.9","","16.2","","15.5","","15.0","","14.5",""
"144","Equatorial Guinea","178.7","","171.8","","156.4","","134.8","","113.5","","109.8","","106.4","","102.8","","99.3","","96.0","","92.8","","89.6",""
"182","Eritrea","150.8","","116.5","","88.4","","69.0","","55.3","","53.2","","51.3","","49.4","","47.6","","46.1","","44.5","","43.1",""
"30","Estonia","17.7","","15.7","","11.0","","7.1","","4.5","","4.2","","3.9","","3.6","","3.3","","3.1","","2.9","","2.7",""
"138","Eswatini (Kingdom of)","68.6","","90.3","","126.1","","129.0","","92.9","","81.4","","70.1","","65.7","","62.2","","57.8","","56.3","","53.9",""
"173","Ethiopia","202.0","","173.2","","142.6","","111.0","","83.7","","79.2","","75.1","","71.2","","67.5","","64.2","","61.2","","58.5",""
"98","Fiji","29.1","","24.9","","22.9","","23.1","","24.0","","24.0","","24.0","","24.1","","24.3","","24.6","","25.0","","25.3",""
"12","Finland","6.7","","5.2","","4.3","","3.7","","3.0","","2.9","","2.8","","2.6","","2.5","","2.4","","2.3","","2.3",""
"26","France","9.0","","6.5","","5.4","","4.6","","4.2","","4.2","","4.1","","4.1","","4.1","","4.2","","4.2","","4.2",""
"115","Gabon","92.4","","88.4","","83.1","","74.5","","63.3","","61.2","","59.0","","56.9","","54.6","","52.5","","50.1","","48.3",""
"174","Gambia","170.1","","142.0","","118.4","","97.5","","80.8","","78.0","","75.3","","72.8","","70.2","","67.9","","65.8","","63.6",""
"70","Georgia","47.7","","44.0","","35.4","","24.4","","16.6","","15.5","","14.5","","13.6","","12.8","","12.1","","11.4","","10.8",""
"4","Germany","8.5","","6.5","","5.4","","4.7","","4.2","","4.1","","4.0","","4.0","","3.9","","3.9","","3.8","","3.7",""
"142","Ghana","126.5","","112.2","","99.2","","85.7","","72.4","","68.9","","65.2","","61.5","","58.0","","54.7","","51.8","","49.3",""
"32","Greece","10.4","","8.5","","6.4","","4.6","","3.9","","3.9","","4.0","","4.2","","4.4","","4.8","","5.1","","5.3",""
"78","Grenada","23.4","","18.4","","15.7","","14.1","","14.3","","14.6","","15.0","","15.4","","15.9","","16.3","","16.6","","16.7",""
"126","Guatemala","81.4","","64.3","","51.9","","42.6","","35.4","","34.1","","32.9","","31.7","","30.6","","29.6","","28.6","","27.6",""
"174","Guinea","234.6","","202.0","","165.4","","131.4","","108.8","","105.1","","101.6","","98.2","","94.9","","91.7","","88.7","","85.7",""
"178","Guinea-Bissau","223.9","","201.3","","175.8","","145.5","","113.8","","108.2","","103.0","","98.4","","94.5","","90.7","","87.4","","84.2",""
"123","Guyana","60.5","","52.9","","46.7","","41.6","","37.6","","36.8","","36.0","","35.1","","34.3","","33.3","","32.3","","31.3",""
"169","Haiti","144.8","","124.1","","104.0","","90.3","","210.9","","80.6","","79.3","","77.9","","76.5","","75.0","","73.4","","71.7",""
"132","Honduras","58.2","","46.6","","37.4","","29.6","","23.7","","22.7","","21.9","","21.0","","20.3","","19.6","","18.9","","18.2",""
"43","Hungary","17.3","","12.5","","10.1","","7.5","","6.0","","5.9","","5.7","","5.6","","5.4","","5.1","","4.8","","4.5",""
"6","Iceland","6.3","","5.3","","4.1","","3.2","","2.7","","2.6","","2.5","","2.4","","2.3","","2.3","","2.2","","2.1",""
"129","India","126.0","","109.4","","91.7","","74.5","","58.4","","55.3","","52.4","","49.5","","46.7","","44.1","","41.6","","39.4",""
"111","Indonesia","84.0","","66.2","","52.1","","41.4","","33.2","","31.8","","30.6","","29.4","","28.3","","27.2","","26.3","","25.4",""
"65","Iran (Islamic Republic of)","56.1","","44.3","","34.2","","25.8","","19.6","","18.8","","18.0","","17.3","","16.6","","16.0","","15.5","","14.9",""
"120","Iraq","53.9","","49.2","","44.9","","41.1","","36.9","","36.0","","35.1","","34.1","","33.2","","32.3","","31.3","","30.4",""
"3","Ireland","9.2","","7.3","","7.2","","5.2","","4.2","","4.1","","4.0","","3.9","","3.8","","3.7","","3.6","","3.5",""
"22","Israel","11.6","","8.7","","6.9","","5.6","","4.6","","4.4","","4.2","","4.1","","4.0","","3.8","","3.7","","3.6",""
"29","Italy","9.7","","7.5","","5.6","","4.5","","4.0","","3.9","","3.8","","3.7","","3.6","","3.5","","3.4","","3.4",""
"96","Jamaica","30.6","","26.1","","22.3","","20.2","","18.7","","18.2","","17.7","","17.2","","16.7","","16.2","","15.7","","15.2",""
"19","Japan","6.3","","5.7","","4.5","","3.7","","3.2","","3.4","","3.0","","2.9","","2.8","","3.0","","2.7","","2.6",""
"102","Jordan","36.4","","31.5","","27.8","","24.3","","21.1","","20.5","","19.9","","19.2","","18.7","","18.1","","17.6","","17.0",""
"50","Kazakhstan","52.5","","52.8","","43.0","","31.5","","20.4","","18.3","","16.4","","14.7","","13.2","","12.0","","10.9","","10.0",""
"147","Kenya","103.7","","113.9","","104.5","","79.2","","58.4","","56.3","","54.4","","52.3","","50.5","","48.7","","47.1","","45.6",""
"132","Kiribati","95.7","","81.4","","71.2","","66.2","","64.9","","63.7","","62.3","","60.9","","59.3","","57.8","","56.2","","54.6",""
"..","Korea (Democratic People's Rep. of)","43.3","","72.7","","59.9","","32.9","","29.5","","27.6","","25.7","","23.9","","22.4","","21.0","","20.0","","19.0",""
"22","Korea (Republic of)","15.5","","10.4","","7.5","","5.5","","4.1","","4.0","","3.8","","3.7","","3.6","","3.5","","3.4","","3.3",""
"57","Kuwait","17.6","","14.6","","12.7","","11.8","","10.8","","10.4","","10.0","","9.5","","9.1","","8.8","","8.4","","8.1",""
"122","Kyrgyzstan","65.8","","60.6","","49.5","","39.5","","29.6","","27.8","","26.2","","24.8","","23.5","","22.3","","21.1","","20.0",""
"140","Lao People's Democratic Republic","154.2","","131.3","","112.6","","95.9","","80.4","","77.7","","75.0","","72.5","","70.1","","67.9","","65.6","","63.4",""
"39","Latvia","16.9","","19.7","","14.3","","10.5","","7.8","","7.3","","6.7","","6.1","","5.5","","5.0","","4.6","","4.2",""
"93","Lebanon","32.4","","25.8","","20.0","","14.2","","10.3","","9.8","","9.4","","9.0","","8.7","","8.4","","8.1","","7.8",""
"164","Lesotho","88.8","","97.1","","116.9","","123.8","","99.2","","98.4","","97.4","","95.8","","94.7","","93.8","","88.9","","85.9",""
"176","Liberia","260.5","","243.2","","186.1","","128.3","","97.5","","93.4","","89.7","","86.3","","83.0","","80.1","","77.4","","74.7",""
"110","Libya","41.8","","33.1","","28.1","","23.1","","16.6","","17.6","","15.0","","14.4","","13.8","","13.3","","12.8","","12.4",""
"34","Lithuania","15.2","","15.0","","10.7","","9.0","","6.0","","5.5","","5.2","","5.0","","5.0","","5.0","","4.7","","4.3",""
"21","Luxembourg","8.7","","6.4","","4.8","","3.6","","3.0","","2.9","","2.8","","2.8","","2.7","","2.7","","2.6","","2.6",""
"162","Madagascar","160.0","","136.9","","107.1","","81.5","","61.8","","58.3","","55.0","","52.3","","49.9","","47.8","","45.9","","44.2",""
"172","Malawi","234.7","","201.2","","171.9","","113.9","","88.6","","83.1","","75.9","","70.4","","65.7","","61.7","","58.4","","55.4",""
"61","Malaysia","16.6","","13.3","","10.2","","8.2","","7.7","","7.6","","7.5","","7.4","","7.5","","7.6","","7.7","","7.9",""
"104","Maldives","93.8","","70.2","","43.8","","22.6","","13.1","","11.9","","10.8","","10.0","","9.3","","8.8","","8.3","","7.9",""
"184","Mali","254.0","","239.6","","219.5","","171.3","","135.7","","130.7","","125.9","","121.6","","117.7","","113.7","","109.6","","106.0",""
"28","Malta","11.3","","9.5","","7.7","","6.9","","6.7","","6.6","","6.6","","6.6","","6.6","","6.6","","6.5","","6.4",""
"117","Marshall Islands","48.9","","41.3","","40.7","","39.9","","38.8","","38.5","","38.1","","37.5","","36.7","","35.8","","34.9","","34.0",""
"161","Mauritania","117.9","","114.0","","113.8","","110.0","","97.9","","95.0","","92.3","","89.5","","86.8","","84.1","","81.5","","79.0",""
"66","Mauritius","23.0","","22.2","","18.5","","15.7","","15.0","","14.9","","14.8","","14.8","","14.7","","14.4","","13.8","","13.1",""
"76","Mexico","45.4","","35.3","","26.8","","20.6","","17.3","","16.8","","16.4","","15.9","","15.4","","14.8","","14.1","","13.4",""
"135","Micronesia (Federated States of)","55.1","","55.1","","53.5","","47.0","","40.2","","38.9","","37.7","","36.5","","35.3","","34.2","","33.1","","32.2",""
"107","Moldova (Republic of)","33.2","","38.4","","31.5","","19.6","","17.2","","17.0","","16.8","","16.5","","16.3","","16.0","","15.7","","15.5",""
"..","Monaco","7.8","","6.2","","5.2","","4.5","","4.0","","3.9","","3.8","","3.7","","3.6","","3.5","","3.4","","3.3",""
"92","Mongolia","107.8","","86.8","","63.9","","41.7","","26.3","","24.2","","22.4","","21.0","","19.8","","18.8","","18.0","","17.2",""
"52","Montenegro","16.6","","15.1","","14.1","","10.6","","6.8","","6.1","","5.6","","5.0","","4.6","","4.1","","3.8","","3.5",""
"121","Morocco","79.5","","62.9","","49.8","","39.9","","32.0","","30.6","","29.2","","27.9","","26.6","","25.4","","24.3","","23.3",""
"180","Mozambique","239.5","","215.5","","170.4","","133.6","","103.1","","97.6","","92.2","","87.2","","83.2","","78.6","","74.8","","72.4",""
"145","Myanmar","115.7","","102.3","","89.8","","77.5","","64.0","","61.4","","59.0","","56.6","","54.4","","52.4","","50.5","","48.6",""
"130","Namibia","72.7","","70.2","","76.2","","70.9","","53.4","","52.3","","52.1","","50.5","","49.0","","47.2","","45.2","","44.2",""
"..","Nauru","59.6","","48.9","","41.3","","38.5","","38.8","","38.3","","37.6","","36.8","","35.9","","35.0","","34.0","","33.0",""
"147","Nepal","140.4","","107.7","","81.5","","61.5","","47.1","","44.8","","42.4","","40.3","","38.3","","36.6","","35.0","","33.7",""
"10","Netherlands","8.4","","6.9","","6.2","","5.3","","4.4","","4.3","","4.2","","4.1","","4.1","","4.0","","4.0","","3.9",""
"14","New Zealand","11.2","","8.7","","7.4","","6.6","","6.2","","6.1","","6.0","","5.9","","5.7","","5.6","","5.4","","5.3",""
"126","Nicaragua","66.9","","51.7","","38.7","","29.3","","22.6","","21.6","","20.7","","19.9","","19.2","","18.5","","17.9","","17.2",""
"189","Niger","326.5","","277.4","","223.7","","169.2","","123.6","","116.4","","109.9","","104.1","","98.6","","93.5","","88.7","","84.5",""
"158","Nigeria","211.9","","206.9","","186.2","","157.3","","129.6","","124.7","","119.9","","115.6","","111.6","","107.5","","103.8","","100.2",""
"82","North Macedonia","36.7","","24.6","","16.0","","13.7","","10.4","","10.3","","10.4","","10.8","","11.4","","12.2","","13.0","","13.7",""
"1","Norway","8.7","","5.7","","4.9","","4.0","","3.2","","3.1","","3.0","","2.9","","2.8","","2.7","","2.6","","2.6",""
"47","Oman","39.2","","24.3","","16.5","","12.8","","11.6","","11.5","","11.4","","11.3","","11.2","","11.2","","11.3","","11.3",""
"152","Pakistan","139.0","","126.2","","112.6","","100.9","","90.8","","88.8","","86.6","","84.3","","81.9","","79.5","","77.1","","74.9",""
"55","Palau","36.1","","31.3","","26.7","","22.7","","19.3","","18.7","","18.0","","17.4","","16.9","","16.3","","15.8","","15.3",""
"119","Palestine, State of","44.6","","36.0","","30.2","","26.4","","23.5","","23.1","","22.8","","22.5","","22.2","","21.9","","21.4","","20.9",""
"67","Panama","30.7","","28.1","","26.1","","23.1","","20.1","","19.5","","18.9","","18.4","","17.8","","17.2","","16.7","","16.1",""
"155","Papua New Guinea","87.6","","81.7","","77.7","","74.2","","66.4","","64.7","","62.9","","60.8","","59.0","","57.1","","55.2","","53.4",""
"98","Paraguay","45.5","","38.3","","33.9","","30.2","","26.1","","25.4","","24.6","","23.8","","23.1","","22.4","","21.6","","21.0",""
"82","Peru","80.7","","58.4","","38.7","","26.8","","20.3","","19.4","","18.5","","17.7","","16.9","","16.2","","15.5","","15.0",""
"106","Philippines","57.6","","45.0","","38.7","","34.4","","31.3","","30.9","","30.4","","30.0","","29.6","","29.1","","28.6","","28.1",""
"32","Poland","17.3","","14.4","","9.3","","7.6","","6.0","","5.6","","5.4","","5.2","","5.0","","4.9","","4.8","","4.7",""
"40","Portugal","14.7","","9.7","","7.2","","4.7","","3.9","","3.8","","3.7","","3.7","","3.7","","3.7","","3.7","","3.7",""
"41","Qatar","20.8","","15.3","","12.5","","10.4","","9.1","","8.9","","8.7","","8.5","","8.3","","8.1","","7.8","","7.6",""
"52","Romania","31.1","","27.1","","21.9","","18.0","","11.5","","11.3","","11.1","","10.6","","10.0","","9.2","","8.5","","7.8",""
"49","Russian Federation","21.7","","22.0","","19.4","","13.8","","10.4","","10.1","","9.8","","9.5","","9.1","","8.6","","8.0","","7.6",""
"157","Rwanda","151.2","","242.1","","181.4","","110.2","","64.4","","57.5","","52.2","","48.0","","44.7","","42.0","","39.8","","37.9",""
"73","Saint Kitts and Nevis","31.6","","28.5","","22.5","","16.7","","14.2","","14.0","","13.9","","13.9","","13.9","","13.9","","13.8","","13.7",""
"89","Saint Lucia","22.3","","19.9","","18.1","","18.3","","18.4","","18.3","","18.1","","17.9","","17.6","","17.3","","17.0","","16.6",""
"94","Saint Vincent and the Grenadines","24.3","","22.4","","22.5","","22.3","","20.8","","20.1","","19.5","","18.8","","18.1","","17.4","","16.8","","16.2",""
"111","Samoa","30.5","","25.8","","21.8","","19.4","","18.6","","18.5","","18.4","","18.1","","17.7","","17.3","","16.9","","16.5",""
"..","San Marino","10.8","","8.0","","5.9","","4.4","","3.3","","3.1","","2.9","","2.7","","2.6","","2.5","","2.3","","2.2",""
"137","Sao Tome and Principe","108.6","","105.1","","85.0","","62.0","","45.5","","42.9","","40.5","","38.5","","36.7","","35.1","","33.7","","32.4",""
"36","Saudi Arabia","44.4","","30.4","","22.0","","16.5","","12.0","","11.2","","10.5","","9.8","","9.1","","8.4","","7.9","","7.4",""
"166","Senegal","139.3","","139.9","","131.7","","94.0","","66.5","","62.6","","59.0","","55.6","","52.6","","49.8","","47.5","","45.4",""
"63","Serbia","28.2","","19.6","","12.6","","8.9","","7.6","","7.4","","7.1","","6.9","","6.6","","6.3","","6.0","","5.7",""
"62","Seychelles","16.7","","14.4","","13.6","","14.0","","14.2","","14.3","","14.4","","14.4","","14.5","","14.5","","14.4","","14.2",""
"181","Sierra Leone","261.7","","254.4","","233.1","","203.2","","163.2","","154.3","","145.6","","137.3","","129.4","","122.2","","115.9","","110.5",""
"9","Singapore","7.7","","5.0","","3.9","","2.9","","2.8","","2.8","","2.8","","2.7","","2.7","","2.7","","2.8","","2.8",""
"36","Slovakia","14.7","","12.0","","9.8","","8.2","","7.0","","6.8","","6.6","","6.4","","6.2","","6.0","","5.8","","5.6",""
"24","Slovenia","10.4","","7.5","","5.5","","4.3","","3.2","","3.0","","2.9","","2.7","","2.5","","2.4","","2.3","","2.1",""
"153","Solomon Islands","38.3","","33.4","","30.3","","28.6","","25.7","","24.9","","24.1","","23.4","","22.6","","21.9","","21.2","","20.6",""
"..","Somalia","179.9","","173.3","","173.3","","173.2","","158.6","","153.5","","148.9","","144.1","","139.8","","135.6","","131.5","","127.2",""
"113","South Africa","60.9","","63.2","","78.4","","84.0","","59.3","","51.2","","47.1","","43.6","","41.3","","40.3","","38.5","","37.1",""
"186","South Sudan","253.6","","224.1","","182.9","","139.7","","107.1","","102.1","","98.6","","96.9","","96.4","","96.4","","96.4","","96.4",""
"25","Spain","9.2","","6.9","","5.4","","4.7","","3.8","","3.7","","3.6","","3.5","","3.3","","3.2","","3.1","","3.1",""
"71","Sri Lanka","21.3","","20.0","","16.5","","14.3","","11.6","","11.2","","10.8","","10.4","","10.0","","9.5","","9.1","","8.8",""
"168","Sudan","131.5","","119.8","","104.8","","88.8","","76.8","","74.8","","72.9","","71.0","","69.1","","67.1","","65.2","","63.2",""
"98","Suriname","47.8","","41.0","","34.5","","29.0","","24.6","","23.8","","23.0","","22.2","","21.6","","20.9","","20.2","","19.6",""
"8","Sweden","7.0","","4.8","","4.1","","3.6","","3.0","","3.0","","3.0","","2.9","","2.9","","2.9","","2.9","","2.8",""
"2","Switzerland","8.2","","6.4","","5.6","","5.1","","4.6","","4.5","","4.4","","4.4","","4.4","","4.3","","4.3","","4.2",""
"154","Syrian Arab Republic","37.3","","29.6","","23.4","","18.8","","16.0","","16.2","","17.7","","17.6","","17.5","","17.2","","17.5","","17.0",""
"125","Tajikistan","104.9","","115.4","","87.6","","57.7","","42.8","","41.0","","39.5","","38.2","","37.0","","35.8","","34.6","","33.6",""
"159","Tanzania (United Republic of)","165.5","","156.6","","130.4","","94.3","","73.4","","69.5","","66.2","","63.6","","61.3","","58.3","","56.1","","54.0",""
"77","Thailand","36.9","","28.2","","21.8","","17.0","","13.3","","12.7","","12.1","","11.5","","11.0","","10.4","","10.0","","9.5",""
"131","Timor-Leste","173.5","","138.3","","108.3","","81.7","","62.2","","59.6","","57.2","","55.1","","52.9","","51.2","","49.4","","47.6",""
"167","Togo","146.1","","135.4","","120.6","","104.6","","90.4","","87.7","","85.1","","82.6","","80.1","","77.7","","75.3","","72.9",""
"105","Tonga","22.1","","19.0","","17.5","","16.5","","17.4","","17.5","","17.5","","17.3","","17.1","","16.7","","16.4","","16.0",""
"63","Trinidad and Tobago","32.7","","32.4","","32.7","","32.9","","31.4","","30.7","","30.0","","29.2","","28.5","","27.7","","26.9","","26.1",""
"91","Tunisia","56.3","","44.5","","31.7","","23.1","","17.4","","16.5","","15.8","","15.1","","14.5","","14.0","","13.5","","13.0",""
"59","Turkey","74.0","","54.8","","39.2","","27.5","","19.2","","17.9","","16.6","","15.5","","14.4","","13.4","","12.5","","11.6",""
"108","Turkmenistan","84.4","","85.4","","80.7","","69.7","","59.4","","57.5","","55.8","","54.0","","52.2","","50.5","","48.8","","47.3",""
"..","Tuvalu","56.9","","50.8","","41.9","","36.1","","31.1","","30.1","","29.2","","28.3","","27.4","","26.6","","25.7","","24.9",""
"159","Uganda","181.2","","164.6","","146.0","","108.8","","78.0","","73.0","","67.3","","62.7","","59.0","","55.3","","51.6","","49.0",""
"88","Ukraine","19.4","","20.4","","18.5","","14.5","","11.7","","11.2","","10.7","","10.2","","9.8","","9.4","","9.1","","8.8",""
"35","United Arab Emirates","16.6","","13.2","","11.2","","9.7","","8.4","","8.3","","8.2","","8.3","","8.5","","8.7","","9.0","","9.1",""
"15","United Kingdom","9.3","","7.2","","6.5","","6.0","","5.2","","5.0","","4.8","","4.6","","4.5","","4.5","","4.4","","4.3",""
"15","United States","11.2","","9.5","","8.4","","8.0","","7.3","","7.2","","7.1","","7.0","","6.9","","6.8","","6.7","","6.6",""
"57","Uruguay","23.0","","20.6","","17.0","","14.4","","10.7","","10.2","","9.9","","9.6","","9.3","","8.9","","8.6","","8.2",""
"108","Uzbekistan","72.1","","70.0","","62.3","","49.0","","36.2","","33.8","","31.6","","29.5","","27.5","","25.6","","23.9","","22.5",""
"141","Vanuatu","35.6","","30.4","","28.6","","28.3","","29.1","","29.3","","29.3","","29.1","","28.7","","28.2","","27.6","","26.9",""
"96","Venezuela (Bolivarian Republic of)","29.6","","26.3","","21.7","","18.5","","16.6","","16.6","","17.0","","17.9","","19.7","","22.5","","26.4","","30.9",""
"118","Viet Nam","51.5","","39.1","","29.7","","24.8","","22.9","","22.7","","22.4","","22.2","","21.9","","21.6","","21.3","","20.9",""
"177","Yemen","126.0","","111.9","","95.2","","72.7","","56.4","","55.5","","55.4","","55.4","","55.4","","55.4","","55.4","","55.4",""
"143","Zambia","185.0","","181.8","","165.1","","111.6","","82.4","","78.6","","74.9","","71.6","","68.0","","64.9","","62.4","","60.0",""
"150","Zimbabwe","77.5","","98.0","","101.8","","99.6","","87.5","","81.2","","73.8","","66.8","","61.1","","57.0","","53.3","","50.3",""
"4","Hong Kong, China (SAR)","..","","..","","..","","..","","..","","..","","..","","..","","..","","..","","..","","..",""
"18","Liechtenstein","..","","..","","..","","..","","..","","..","","..","","..","","..","","..","","..","","..",""
"","Human Development"," ","","..","","..","","..","","..","","..","","..","","..","","..","","..","","..","","..",""
" ","Very high human development","19.6","","15.6","","12.4","","9.9","","8.0","","7.7","","7.4","","7.2","","6.9","","6.7","","6.5","","6.2",""
" ","High human development","57.0","","48.3","","38.4","","29.0","","21.9","","20.8","","19.8","","18.9","","18.1","","17.4","","16.9","","16.1",""
" ","Medium human development","122.4","","107.7","","92.2","","76.1","","61.3","","58.5","","55.9","","53.3","","50.8","","48.5","","46.4","","44.5",""
" ","Low human development","187.3","","174.1","","152.5","","124.3","","101.2","","95.9","","92.1","","88.6","","85.5","","82.3","","79.4","","76.6",""
" ","Developing Countries","98.3","","91.4","","80.7","","67.3","","54.9","","52.3","","50.1","","48.0","","46.1","","44.3","","42.7","","41.3",""
"","Regions"," ","","..","","..","","..","","..","","..","","..","","..","","..","","..","","..","","..",""
" ","Arab States","78.3","","67.3","","58.0","","49.8","","41.8","","40.5","","39.3","","38.2","","37.1","","36.2","","35.2","","34.4",""
" ","East Asia and the Pacific","59.2","","51.7","","41.5","","30.5","","22.9","","21.6","","20.5","","19.5","","18.6","","17.8","","17.0","","16.3",""
" ","Europe and Central Asia","58.2","","53.7","","43.2","","31.8","","23.5","","22.2","","20.9","","19.8","","18.7","","17.7","","16.9","","16.0",""
" ","Latin America and the Caribbean","54.4","","42.6","","32.7","","25.5","","24.0","","20.3","","19.7","","19.1","","18.7","","18.2","","18.2","","17.5",""
" ","South Asia","125.1","","108.9","","91.9","","75.6","","60.8","","58.0","","55.4","","52.8","","50.3","","48.0","","45.8","","43.8",""
" ","Sub-Saharan Africa","178.6","","171.5","","154.0","","126.1","","100.1","","95.5","","91.2","","87.3","","83.8","","80.5","","77.4","","74.7",""
" ","Least Developed Countries","173.1","","156.2","","135.3","","109.1","","88.6","","83.5","","79.9","","76.6","","73.6","","70.7","","68.1","","65.7",""
" ","Small Island Developing States","75.1","","66.7","","58.9","","54.1","","77.5","","48.2","","47.1","","45.8","","44.7","","43.5","","42.4","","41.2",""
" ","Organization for Economic Co-operation and Development","20.8","","16.1","","12.7","","10.2","","8.3","","8.0","","7.8","","7.6","","7.4","","7.2","","6.9","","6.7",""
" ","World","88.3","","82.2","","73.0","","61.0","","49.8","","47.4","","45.4","","43.6","","41.9","","40.4","","39.0","","37.7",""
""